,model_name,use_mcp,add_pseudocode,n_disks,ith_try,has_structured_response,valid_solution,total_moves,run_start,run_end
0,o4-mini,False,False,2,0,True,True,3,2025-06-19 11:27:38.360358,2025-06-19 11:27:53.245645
0,o4-mini,False,True,2,0,True,True,3,2025-06-19 11:27:53.259070,2025-06-19 11:28:06.917572
0,o4-mini,True,False,2,0,True,True,3,2025-06-19 11:28:06.921341,2025-06-19 11:28:23.326373
0,o4-mini,False,False,2,1,True,True,3,2025-06-19 11:28:23.330875,2025-06-19 11:28:31.644655
0,o4-mini,False,True,2,1,True,True,3,2025-06-19 11:28:31.649242,2025-06-19 11:28:49.573644
0,o4-mini,True,False,2,1,True,True,3,2025-06-19 11:28:49.576269,2025-06-19 11:28:59.368683
0,o4-mini,False,False,2,2,True,True,3,2025-06-19 11:28:59.371119,2025-06-19 11:29:13.385529
0,o4-mini,False,True,2,2,True,True,3,2025-06-19 11:29:13.389418,2025-06-19 11:29:28.254550
0,o4-mini,True,False,2,2,True,True,3,2025-06-19 11:29:28.257949,2025-06-19 11:29:38.964525
0,o4-mini,False,False,2,3,True,True,3,2025-06-19 11:29:38.967943,2025-06-19 11:29:48.228674
0,o4-mini,False,True,2,3,True,True,3,2025-06-19 11:29:48.232313,2025-06-19 11:30:01.401166
0,o4-mini,True,False,2,3,True,True,3,2025-06-19 11:30:01.405415,2025-06-19 11:30:13.249866
0,o4-mini,False,False,2,4,True,True,3,2025-06-19 11:30:13.254564,2025-06-19 11:30:29.148405
0,o4-mini,False,True,2,4,True,True,3,2025-06-19 11:30:29.152489,2025-06-19 11:30:43.498817
0,o4-mini,True,False,2,4,True,True,3,2025-06-19 11:30:43.502967,2025-06-19 11:30:51.103070
0,o4-mini,False,False,2,5,True,True,3,2025-06-19 11:30:51.106706,2025-06-19 11:31:05.469781
0,o4-mini,False,True,2,5,True,True,3,2025-06-19 11:31:05.474618,2025-06-19 11:31:14.745637
0,o4-mini,True,False,2,5,True,True,3,2025-06-19 11:31:14.749467,2025-06-19 11:31:28.208496
0,o4-mini,False,False,2,6,True,True,3,2025-06-19 11:31:28.212353,2025-06-19 11:31:41.644759
0,o4-mini,False,True,2,6,True,True,3,2025-06-19 11:31:41.649031,2025-06-19 11:31:49.799068
0,o4-mini,True,False,2,6,True,True,3,2025-06-19 11:31:49.802719,2025-06-19 11:32:04.205318
0,o4-mini,False,False,2,7,True,True,3,2025-06-19 11:32:04.209045,2025-06-19 11:32:15.640629
0,o4-mini,False,True,2,7,True,True,3,2025-06-19 11:32:15.644446,2025-06-19 11:32:24.549945
0,o4-mini,True,False,2,7,True,True,3,2025-06-19 11:32:24.553967,2025-06-19 11:32:36.131332
0,o4-mini,False,False,2,8,True,True,3,2025-06-19 11:32:36.135325,2025-06-19 11:32:45.166286
0,o4-mini,False,True,2,8,True,True,3,2025-06-19 11:32:45.169561,2025-06-19 11:32:53.784787
0,o4-mini,True,False,2,8,True,True,3,2025-06-19 11:32:53.788377,2025-06-19 11:33:04.952308
0,o4-mini,False,False,2,9,True,True,3,2025-06-19 11:33:04.955909,2025-06-19 11:33:18.834724
0,o4-mini,False,True,2,9,True,True,3,2025-06-19 11:33:18.840185,2025-06-19 11:33:29.842514
0,o4-mini,True,False,2,9,True,True,3,2025-06-19 11:33:29.846228,2025-06-19 11:33:40.680376
0,gpt-4.1-mini,False,False,2,0,True,True,3,2025-06-19 11:33:40.684408,2025-06-19 11:33:47.712205
0,gpt-4.1-mini,False,True,2,0,True,True,3,2025-06-19 11:33:47.715766,2025-06-19 11:33:52.853452
0,gpt-4.1-mini,True,False,2,0,True,True,3,2025-06-19 11:33:52.857397,2025-06-19 11:33:57.812815
0,gpt-4.1-mini,False,False,2,1,True,True,3,2025-06-19 11:33:57.816504,2025-06-19 11:34:06.888608
0,gpt-4.1-mini,False,True,2,1,True,True,3,2025-06-19 11:34:06.892411,2025-06-19 11:34:14.607993
0,gpt-4.1-mini,True,False,2,1,True,True,3,2025-06-19 11:34:14.612284,2025-06-19 11:34:21.635620
0,gpt-4.1-mini,False,False,2,2,True,True,3,2025-06-19 11:34:21.640184,2025-06-19 11:34:36.575745
0,gpt-4.1-mini,False,True,2,2,True,True,3,2025-06-19 11:34:36.579024,2025-06-19 11:34:43.682518
0,gpt-4.1-mini,True,False,2,2,True,True,3,2025-06-19 11:34:43.687251,2025-06-19 11:34:49.258904
0,gpt-4.1-mini,False,False,2,3,True,True,3,2025-06-19 11:34:49.261702,2025-06-19 11:34:55.829071
0,gpt-4.1-mini,False,True,2,3,True,True,3,2025-06-19 11:34:55.833422,2025-06-19 11:35:05.731010
0,gpt-4.1-mini,True,False,2,3,True,True,3,2025-06-19 11:35:05.734926,2025-06-19 11:35:09.519412
0,gpt-4.1-mini,False,False,2,4,True,True,3,2025-06-19 11:35:09.523470,2025-06-19 11:35:21.985713
0,gpt-4.1-mini,False,True,2,4,True,True,3,2025-06-19 11:35:21.989155,2025-06-19 11:35:27.794333
0,gpt-4.1-mini,True,False,2,4,True,True,3,2025-06-19 11:35:27.798947,2025-06-19 11:35:31.629309
0,gpt-4.1-mini,False,False,2,5,True,True,3,2025-06-19 11:35:31.633441,2025-06-19 11:35:37.449038
0,gpt-4.1-mini,False,True,2,5,True,True,3,2025-06-19 11:35:37.454270,2025-06-19 11:35:46.061539
0,gpt-4.1-mini,True,False,2,5,True,True,3,2025-06-19 11:35:46.064599,2025-06-19 11:35:50.546102
0,gpt-4.1-mini,False,False,2,6,True,True,3,2025-06-19 11:35:50.548071,2025-06-19 11:35:57.875860
0,gpt-4.1-mini,False,True,2,6,True,True,3,2025-06-19 11:35:57.878724,2025-06-19 11:36:05.349579
0,gpt-4.1-mini,True,False,2,6,True,True,3,2025-06-19 11:36:05.351965,2025-06-19 11:36:10.190050
0,gpt-4.1-mini,False,False,2,7,True,True,3,2025-06-19 11:36:10.193988,2025-06-19 11:36:23.163277
0,gpt-4.1-mini,False,True,2,7,True,True,3,2025-06-19 11:36:23.167690,2025-06-19 11:36:30.639956
0,gpt-4.1-mini,True,False,2,7,True,True,3,2025-06-19 11:36:30.643777,2025-06-19 11:36:38.157429
0,gpt-4.1-mini,False,False,2,8,True,True,3,2025-06-19 11:36:38.161669,2025-06-19 11:36:44.503495
0,gpt-4.1-mini,False,True,2,8,True,True,3,2025-06-19 11:36:44.507545,2025-06-19 11:36:52.806607
0,gpt-4.1-mini,True,False,2,8,True,True,3,2025-06-19 11:36:52.810580,2025-06-19 11:36:58.087766
0,gpt-4.1-mini,False,False,2,9,True,True,3,2025-06-19 11:36:58.091445,2025-06-19 11:37:09.201964
0,gpt-4.1-mini,False,True,2,9,True,True,3,2025-06-19 11:37:09.207546,2025-06-19 11:37:19.866227
0,gpt-4.1-mini,True,False,2,9,True,True,3,2025-06-19 11:37:19.868765,2025-06-19 11:37:25.680717
0,o4-mini,False,False,4,0,True,True,15,2025-06-19 11:37:25.685943,2025-06-19 11:38:14.321408
0,o4-mini,False,True,4,0,True,True,15,2025-06-19 11:38:14.325981,2025-06-19 11:38:52.843321
0,o4-mini,True,False,4,0,True,True,15,2025-06-19 11:38:52.849822,2025-06-19 11:39:42.737288
0,o4-mini,False,False,4,1,True,True,15,2025-06-19 11:39:42.742777,2025-06-19 11:40:13.784818
0,o4-mini,False,True,4,1,True,True,15,2025-06-19 11:40:13.793263,2025-06-19 11:40:57.754709
0,o4-mini,True,False,4,1,True,True,15,2025-06-19 11:40:57.759579,2025-06-19 11:42:34.954972
0,o4-mini,False,False,4,2,True,True,15,2025-06-19 11:42:34.962481,2025-06-19 11:43:19.262574
0,o4-mini,False,True,4,2,True,True,15,2025-06-19 11:43:19.266149,2025-06-19 11:44:21.142751
0,o4-mini,True,False,4,2,True,True,15,2025-06-19 11:44:21.149675,2025-06-19 11:44:51.587439
0,o4-mini,False,False,4,3,True,True,15,2025-06-19 11:44:51.590908,2025-06-19 11:45:22.299583
0,o4-mini,False,True,4,3,True,True,15,2025-06-19 11:45:22.303767,2025-06-19 11:45:50.355060
0,o4-mini,True,False,4,3,True,True,15,2025-06-19 11:45:50.359517,2025-06-19 11:46:36.629573
0,o4-mini,False,False,4,4,True,True,15,2025-06-19 11:46:36.637974,2025-06-19 11:47:25.721950
0,o4-mini,False,True,4,4,True,True,15,2025-06-19 11:47:25.729891,2025-06-19 11:47:48.546977
0,o4-mini,True,False,4,4,True,True,15,2025-06-19 11:47:48.550780,2025-06-19 11:48:22.021020
0,o4-mini,False,False,4,5,True,True,15,2025-06-19 11:48:22.025635,2025-06-19 11:49:01.758262
0,o4-mini,False,True,4,5,True,True,15,2025-06-19 11:49:01.761565,2025-06-19 11:49:39.116267
0,o4-mini,True,False,4,5,True,True,15,2025-06-19 11:49:39.121134,2025-06-19 11:50:40.163570
0,o4-mini,False,False,4,6,True,True,15,2025-06-19 11:50:40.171034,2025-06-19 11:51:16.076643
0,o4-mini,False,True,4,6,True,True,15,2025-06-19 13:01:45.098757,2025-06-19 13:02:07.564540
0,o4-mini,True,False,4,6,True,True,15,2025-06-19 13:02:07.570398,2025-06-19 13:03:25.244350
0,o4-mini,False,False,4,7,True,True,15,2025-06-19 13:03:25.247138,2025-06-19 13:03:52.860374
0,o4-mini,False,True,4,7,True,True,15,2025-06-19 13:03:52.866635,2025-06-19 13:04:19.933243
0,o4-mini,True,False,4,7,True,False,15,2025-06-19 13:04:19.939144,2025-06-19 13:06:04.643970
0,o4-mini,False,False,4,8,True,True,15,2025-06-19 13:06:04.651827,2025-06-19 13:06:34.276074
0,o4-mini,False,True,4,8,True,True,15,2025-06-19 13:06:34.282475,2025-06-19 13:06:58.960096
0,o4-mini,True,False,4,8,True,True,15,2025-06-19 13:06:58.965879,2025-06-19 13:08:12.177764
0,o4-mini,False,False,4,9,True,True,15,2025-06-19 13:08:12.183791,2025-06-19 13:08:48.625975
0,o4-mini,False,True,4,9,True,True,15,2025-06-19 13:08:48.630601,2025-06-19 13:09:16.900956
0,o4-mini,True,False,4,9,True,True,15,2025-06-19 13:09:16.905495,2025-06-19 13:09:46.280689
0,gpt-4.1-mini,False,False,4,0,True,False,15,2025-06-19 13:09:46.285490,2025-06-19 13:10:07.577789
0,gpt-4.1-mini,False,True,4,0,True,True,15,2025-06-19 13:10:07.582746,2025-06-19 13:10:41.678361
0,gpt-4.1-mini,True,False,4,0,True,True,15,2025-06-19 13:10:41.683380,2025-06-19 13:10:53.043979
0,gpt-4.1-mini,False,False,4,1,True,False,15,2025-06-19 13:10:53.048719,2025-06-19 13:11:08.920420
0,gpt-4.1-mini,False,True,4,1,True,True,15,2025-06-19 13:11:08.925410,2025-06-19 13:11:33.498648
0,gpt-4.1-mini,True,False,4,1,True,True,15,2025-06-19 13:11:33.504935,2025-06-19 13:11:43.639572
0,gpt-4.1-mini,False,False,4,2,True,True,15,2025-06-19 13:11:43.645592,2025-06-19 13:12:09.528458
0,gpt-4.1-mini,False,True,4,2,True,True,15,2025-06-19 13:12:09.535609,2025-06-19 13:12:59.406828
0,gpt-4.1-mini,True,False,4,2,True,True,15,2025-06-19 13:12:59.411599,2025-06-19 13:13:12.213145
0,gpt-4.1-mini,False,False,4,3,True,False,15,2025-06-19 13:13:12.218386,2025-06-19 13:13:33.106803
0,gpt-4.1-mini,False,True,4,3,True,True,15,2025-06-19 13:13:33.112723,2025-06-19 13:14:01.468397
0,gpt-4.1-mini,True,False,4,3,True,True,15,2025-06-19 13:14:01.473351,2025-06-19 13:14:10.986874
0,gpt-4.1-mini,False,False,4,4,True,False,15,2025-06-19 13:14:10.991583,2025-06-19 13:14:31.669306
0,gpt-4.1-mini,False,True,4,4,True,True,15,2025-06-19 13:14:31.672225,2025-06-19 13:14:53.900992
0,gpt-4.1-mini,True,False,4,4,True,True,15,2025-06-19 13:14:53.906669,2025-06-19 13:15:04.683601
0,gpt-4.1-mini,False,False,4,5,True,False,15,2025-06-19 13:15:04.688484,2025-06-19 13:15:19.407964
0,gpt-4.1-mini,False,True,4,5,True,True,15,2025-06-19 13:15:19.412564,2025-06-19 13:15:43.868775
0,gpt-4.1-mini,True,False,4,5,True,True,15,2025-06-19 13:15:43.873821,2025-06-19 13:15:54.884864
0,gpt-4.1-mini,False,False,4,6,True,False,15,2025-06-19 13:15:54.889917,2025-06-19 13:16:09.262981
0,gpt-4.1-mini,False,True,4,6,True,True,15,2025-06-19 13:16:09.267881,2025-06-19 13:16:38.649984
0,gpt-4.1-mini,True,False,4,6,True,True,15,2025-06-19 13:16:38.654528,2025-06-19 13:16:51.561789
0,gpt-4.1-mini,False,False,4,7,True,True,15,2025-06-19 13:16:51.567438,2025-06-19 13:17:11.626566
0,gpt-4.1-mini,False,True,4,7,True,True,15,2025-06-19 13:17:11.632053,2025-06-19 13:17:44.512816
0,gpt-4.1-mini,True,False,4,7,True,True,15,2025-06-19 13:17:44.516052,2025-06-19 13:17:55.148547
0,gpt-4.1-mini,False,False,4,8,True,False,15,2025-06-19 13:17:55.154479,2025-06-19 13:18:26.275990
0,gpt-4.1-mini,False,True,4,8,True,True,15,2025-06-19 13:18:26.281048,2025-06-19 13:18:46.756987
0,gpt-4.1-mini,True,False,4,8,True,True,15,2025-06-19 13:18:46.761855,2025-06-19 13:18:58.429782
0,gpt-4.1-mini,False,False,4,9,True,True,15,2025-06-19 13:18:58.436064,2025-06-19 13:19:19.745126
0,gpt-4.1-mini,False,True,4,9,True,True,15,2025-06-19 13:19:19.750070,2025-06-19 13:19:50.454627
0,gpt-4.1-mini,True,False,4,9,True,True,15,2025-06-19 13:19:50.465264,2025-06-19 13:20:01.922130
0,o4-mini,False,False,6,0,True,False,63,2025-06-19 13:20:01.928152,2025-06-19 13:21:26.296817
0,o4-mini,False,True,6,0,True,False,63,2025-06-19 13:21:26.303921,2025-06-19 13:23:19.659402
0,o4-mini,True,False,6,0,True,False,63,2025-06-19 13:23:19.666143,2025-06-19 13:25:41.781013
0,o4-mini,False,False,6,1,True,True,63,2025-06-19 13:25:41.785670,2025-06-19 13:27:05.097190
0,o4-mini,False,True,6,1,True,True,63,2025-06-19 13:27:05.103434,2025-06-19 13:28:22.453928
0,o4-mini,True,False,6,1,True,False,63,2025-06-19 13:28:22.459051,2025-06-19 13:31:55.167335
0,o4-mini,False,False,6,2,True,False,63,2025-06-19 13:31:55.172891,2025-06-19 13:33:38.326390
0,o4-mini,False,True,6,2,True,False,63,2025-06-19 13:33:38.330747,2025-06-19 13:34:55.102788
0,o4-mini,True,False,6,2,True,False,63,2025-06-19 13:34:55.108901,2025-06-19 13:37:20.513915
0,o4-mini,False,False,6,3,True,False,63,2025-06-19 13:37:20.521241,2025-06-19 13:40:25.043106
0,o4-mini,False,True,6,3,True,False,63,2025-06-19 13:40:25.048717,2025-06-19 13:44:15.241727
0,o4-mini,True,False,6,3,True,True,63,2025-06-19 13:44:15.248886,2025-06-19 13:47:19.422563
0,o4-mini,False,False,6,4,True,False,63,2025-06-19 13:47:19.430062,2025-06-19 13:49:38.532390
0,o4-mini,False,True,6,4,True,False,63,2025-06-19 13:49:38.537315,2025-06-19 13:51:26.675931
0,o4-mini,True,False,6,4,True,False,63,2025-06-19 13:51:26.680795,2025-06-19 13:53:37.028282
0,o4-mini,False,False,6,5,True,False,63,2025-06-19 13:53:37.038713,2025-06-19 13:55:18.304071
0,o4-mini,False,True,6,5,True,True,63,2025-06-19 13:55:18.309779,2025-06-19 13:57:15.443866
0,o4-mini,True,False,6,5,True,True,63,2025-06-19 14:06:47.893654,2025-06-19 14:07:47.775910
0,o4-mini,False,False,6,6,True,True,63,2025-06-19 14:07:47.784157,2025-06-19 14:09:17.554866
0,o4-mini,False,True,6,6,True,False,63,2025-06-19 14:09:17.561372,2025-06-19 14:11:16.334012
0,o4-mini,True,False,6,6,True,True,63,2025-06-19 14:11:16.339710,2025-06-19 14:12:21.803723
0,o4-mini,False,False,6,7,True,True,63,2025-06-19 14:12:21.812095,2025-06-19 14:14:53.960095
0,o4-mini,False,True,6,7,True,False,63,2025-06-19 14:14:53.966857,2025-06-19 14:17:01.397823
0,o4-mini,True,False,6,7,True,False,63,2025-06-19 14:17:01.407392,2025-06-19 14:17:55.422614
0,o4-mini,False,False,6,8,True,False,63,2025-06-19 14:17:55.429931,2025-06-19 14:19:41.260532
0,o4-mini,False,True,6,8,True,False,63,2025-06-19 14:19:41.266590,2025-06-19 14:21:08.922984
0,o4-mini,True,False,6,8,True,False,63,2025-06-19 14:21:08.928291,2025-06-19 14:23:20.691218
0,o4-mini,False,False,6,9,True,True,63,2025-06-19 14:23:20.697713,2025-06-19 14:24:11.052058
0,o4-mini,False,True,6,9,True,False,63,2025-06-19 14:24:11.057346,2025-06-19 14:25:11.840744
0,o4-mini,True,False,6,9,True,True,63,2025-06-19 14:25:11.845758,2025-06-19 14:26:27.416493
0,gpt-4.1-mini,False,False,6,0,True,False,63,2025-06-19 14:26:27.422641,2025-06-19 14:27:32.054987
0,gpt-4.1-mini,False,True,6,0,True,True,63,2025-06-19 14:27:32.061162,2025-06-19 14:29:27.520734
0,gpt-4.1-mini,True,False,6,0,True,True,63,2025-06-19 14:29:27.527928,2025-06-19 14:30:11.248615
0,gpt-4.1-mini,False,False,6,1,True,False,63,2025-06-19 14:30:11.254570,2025-06-19 14:31:01.403343
0,gpt-4.1-mini,False,True,6,1,True,False,63,2025-06-19 14:31:01.409311,2025-06-19 14:31:51.092140
0,gpt-4.1-mini,True,False,6,1,True,True,63,2025-06-19 14:31:51.099383,2025-06-19 14:32:34.380610
0,gpt-4.1-mini,False,False,6,2,True,False,63,2025-06-19 14:32:34.387456,2025-06-19 14:33:39.319894
0,gpt-4.1-mini,False,True,6,2,True,False,63,2025-06-19 14:33:39.325237,2025-06-19 14:35:26.683373
0,gpt-4.1-mini,True,False,6,2,True,False,63,2025-06-19 14:35:26.690314,2025-06-19 14:36:02.574269
0,gpt-4.1-mini,False,False,6,3,True,False,63,2025-06-19 14:36:02.579968,2025-06-19 14:36:39.183105
0,gpt-4.1-mini,False,True,6,3,True,True,63,2025-06-19 14:36:39.188266,2025-06-19 14:37:22.054626
0,gpt-4.1-mini,True,False,6,3,True,True,63,2025-06-19 14:37:22.062011,2025-06-19 14:38:01.297854
0,gpt-4.1-mini,False,False,6,4,True,False,63,2025-06-19 14:38:01.303058,2025-06-19 14:38:36.842682
0,gpt-4.1-mini,False,True,6,4,True,False,63,2025-06-19 14:38:36.847965,2025-06-19 14:39:52.957997
0,gpt-4.1-mini,True,False,6,4,True,True,63,2025-06-19 14:39:52.964049,2025-06-19 14:40:28.246664
0,gpt-4.1-mini,False,False,6,5,True,False,63,2025-06-19 14:40:28.251761,2025-06-19 14:41:13.102159
0,gpt-4.1-mini,False,True,6,5,True,False,63,2025-06-19 14:41:13.107548,2025-06-19 14:41:59.698805
0,gpt-4.1-mini,True,False,6,5,True,True,63,2025-06-19 14:41:59.703934,2025-06-19 14:42:41.960644
0,gpt-4.1-mini,False,False,6,6,True,False,63,2025-06-19 14:42:41.967005,2025-06-19 14:44:26.263425
0,gpt-4.1-mini,False,True,6,6,True,True,63,2025-06-19 14:44:26.268777,2025-06-19 14:45:33.770062
0,gpt-4.1-mini,True,False,6,6,True,True,63,2025-06-19 14:45:33.774658,2025-06-19 14:46:04.831529
0,gpt-4.1-mini,False,False,6,7,True,False,63,2025-06-19 14:46:04.836662,2025-06-19 14:46:40.609527
0,gpt-4.1-mini,False,True,6,7,True,False,63,2025-06-19 14:46:40.616059,2025-06-19 14:47:22.016927
0,gpt-4.1-mini,True,False,6,7,True,True,63,2025-06-19 14:47:22.022790,2025-06-19 14:48:11.263849
0,gpt-4.1-mini,False,False,6,8,True,False,63,2025-06-19 14:48:11.269246,2025-06-19 14:49:06.553150
0,gpt-4.1-mini,False,True,6,8,True,False,63,2025-06-19 14:49:06.558185,2025-06-19 14:49:44.018585
0,gpt-4.1-mini,True,False,6,8,True,True,63,2025-06-19 14:49:44.023794,2025-06-19 14:50:33.574225
0,gpt-4.1-mini,False,False,6,9,True,False,63,2025-06-19 14:50:33.579392,2025-06-19 14:51:51.332307
0,gpt-4.1-mini,False,True,6,9,True,False,63,2025-06-19 14:51:51.337888,2025-06-19 14:52:48.132374
0,gpt-4.1-mini,True,False,6,9,True,True,63,2025-06-19 14:52:48.138917,2025-06-19 14:53:24.897562
0,o4-mini,False,False,8,0,True,False,255,2025-06-19 14:53:24.902570,2025-06-19 14:55:03.775873
0,o4-mini,False,True,8,0,True,False,255,2025-06-19 14:55:03.781348,2025-06-19 14:56:36.996601
0,o4-mini,True,False,8,0,True,False,255,2025-06-19 14:56:37.002276,2025-06-19 14:57:59.330693
0,o4-mini,False,False,8,1,True,False,255,2025-06-19 14:57:59.338114,2025-06-19 14:59:57.522127
0,o4-mini,False,True,8,1,True,False,255,2025-06-19 14:59:57.528153,2025-06-19 15:01:47.493071
0,o4-mini,True,False,8,1,True,False,255,2025-06-19 15:01:47.499463,2025-06-19 15:03:00.121731
0,o4-mini,False,False,8,2,True,False,255,2025-06-19 15:03:00.127994,2025-06-19 15:04:26.544646
0,o4-mini,False,True,8,2,True,False,255,2025-06-19 15:04:26.550509,2025-06-19 15:05:33.308720
0,o4-mini,True,False,8,2,True,False,255,2025-06-19 15:05:33.313959,2025-06-19 15:06:54.761818
0,o4-mini,False,False,8,3,True,False,255,2025-06-19 15:06:54.771909,2025-06-19 15:08:23.510896
0,o4-mini,False,True,8,3,True,False,255,2025-06-19 15:08:23.517143,2025-06-19 15:10:56.364678
0,o4-mini,True,False,8,3,True,False,255,2025-06-19 15:10:56.370462,2025-06-19 15:11:50.380340
0,o4-mini,False,False,8,4,True,False,255,2025-06-19 15:11:50.385441,2025-06-19 15:12:53.977642
0,o4-mini,False,True,8,4,True,False,255,2025-06-19 15:12:53.983725,2025-06-19 15:14:21.750434
0,o4-mini,True,False,8,4,True,False,255,2025-06-19 15:14:21.754738,2025-06-19 15:15:31.333561
0,o4-mini,False,False,8,5,True,False,255,2025-06-19 15:15:31.339898,2025-06-19 15:18:04.653990
0,o4-mini,False,True,8,5,True,False,255,2025-06-19 15:18:04.667577,2025-06-19 15:20:00.443914
0,o4-mini,True,False,8,5,True,False,255,2025-06-19 15:20:00.448839,2025-06-19 15:21:24.526937
0,o4-mini,False,False,8,6,True,False,255,2025-06-19 15:21:24.532815,2025-06-19 15:23:07.880852
0,o4-mini,False,True,8,6,True,False,255,2025-06-19 15:23:07.888076,2025-06-19 15:24:42.938969
0,o4-mini,True,False,8,6,True,False,255,2025-06-19 15:24:42.944253,2025-06-19 15:25:56.098973
0,o4-mini,False,False,8,7,True,False,255,2025-06-19 15:25:56.104616,2025-06-19 15:26:32.374796
0,o4-mini,False,True,8,7,True,False,255,2025-06-19 15:26:32.380709,2025-06-19 15:28:53.293353
0,o4-mini,True,False,8,7,True,False,255,2025-06-19 15:28:53.305368,2025-06-19 15:31:17.939087
0,o4-mini,False,False,8,8,True,False,255,2025-06-19 15:31:17.944807,2025-06-19 15:32:19.505922
0,o4-mini,False,True,8,8,True,False,255,2025-06-19 15:32:19.512864,2025-06-19 15:33:26.996913
0,o4-mini,True,False,8,8,True,False,255,2025-06-19 15:33:27.002139,2025-06-19 15:34:46.656810
0,o4-mini,False,False,8,9,True,False,255,2025-06-19 15:34:46.662084,2025-06-19 15:36:05.359234
0,o4-mini,False,True,8,9,True,False,255,2025-06-19 15:36:05.365082,2025-06-19 15:37:01.303678
0,o4-mini,True,False,8,9,True,False,255,2025-06-19 15:37:01.311449,2025-06-19 15:38:01.308640
0,gpt-4.1-mini,False,False,8,0,True,False,255,2025-06-19 15:38:01.314434,2025-06-19 15:39:56.303446
0,gpt-4.1-mini,False,True,8,0,True,False,255,2025-06-19 15:39:56.306686,2025-06-19 15:41:13.164249
0,gpt-4.1-mini,True,False,8,0,True,False,255,2025-06-19 15:41:13.169759,2025-06-19 15:42:51.616624
0,gpt-4.1-mini,False,False,8,1,True,False,255,2025-06-19 15:42:51.620239,2025-06-19 15:44:00.543785
0,gpt-4.1-mini,False,True,8,1,True,False,255,2025-06-19 15:44:00.547099,2025-06-19 15:44:38.111917
0,gpt-4.1-mini,True,False,8,1,True,False,255,2025-06-19 15:44:38.117447,2025-06-19 15:45:26.342119
0,gpt-4.1-mini,False,False,8,2,True,False,255,2025-06-19 15:45:26.347833,2025-06-19 15:46:04.506188
0,gpt-4.1-mini,False,True,8,2,True,False,255,2025-06-19 15:46:04.511976,2025-06-19 15:47:27.031644
0,gpt-4.1-mini,True,False,8,2,True,False,255,2025-06-19 15:47:27.043827,2025-06-19 15:48:06.174606
0,gpt-4.1-mini,False,False,8,3,True,False,255,2025-06-19 15:48:06.180566,2025-06-19 15:49:19.580738
0,gpt-4.1-mini,False,True,8,3,True,False,255,2025-06-19 15:49:19.585785,2025-06-19 15:49:59.484720
0,gpt-4.1-mini,True,False,8,3,True,False,255,2025-06-19 15:49:59.490118,2025-06-19 15:51:24.731659
0,gpt-4.1-mini,False,False,8,4,True,False,255,2025-06-19 15:51:24.737592,2025-06-19 15:53:11.303547
0,gpt-4.1-mini,False,True,8,4,True,False,255,2025-06-19 15:53:11.311351,2025-06-19 15:53:39.977332
0,gpt-4.1-mini,True,False,8,4,True,False,255,2025-06-19 15:53:39.983739,2025-06-19 15:54:16.677411
0,gpt-4.1-mini,False,False,8,5,True,False,255,2025-06-19 15:54:16.682696,2025-06-19 15:54:54.860462
0,gpt-4.1-mini,False,True,8,5,True,False,255,2025-06-19 15:54:54.865612,2025-06-19 15:55:51.747443
0,gpt-4.1-mini,True,False,8,5,True,False,255,2025-06-19 15:55:51.753714,2025-06-19 15:57:10.131544
0,gpt-4.1-mini,False,False,8,6,True,False,255,2025-06-19 15:57:10.139267,2025-06-19 15:58:58.724466
0,gpt-4.1-mini,False,True,8,6,True,False,255,2025-06-19 15:58:58.734764,2025-06-19 16:00:07.682652
0,gpt-4.1-mini,True,False,8,6,True,False,127,2025-06-19 16:00:07.688786,2025-06-19 16:00:48.038548
0,gpt-4.1-mini,False,False,8,7,True,False,255,2025-06-19 16:00:48.043872,2025-06-19 16:01:34.192272
0,gpt-4.1-mini,False,True,8,7,True,False,255,2025-06-19 16:01:34.199307,2025-06-19 16:02:15.247040
0,gpt-4.1-mini,True,False,8,7,True,False,255,2025-06-19 16:02:15.253695,2025-06-19 16:03:14.897159
0,gpt-4.1-mini,False,False,8,8,True,False,255,2025-06-19 16:03:14.902574,2025-06-19 16:04:32.879657
0,gpt-4.1-mini,False,True,8,8,True,False,255,2025-06-19 16:04:32.886674,2025-06-19 16:05:44.977717
0,gpt-4.1-mini,True,False,8,8,True,False,255,2025-06-19 16:05:44.983220,2025-06-19 16:06:53.071737
0,gpt-4.1-mini,False,False,8,9,True,False,255,2025-06-19 16:06:53.080375,2025-06-19 16:08:25.371172
0,gpt-4.1-mini,False,True,8,9,True,False,255,2025-06-19 16:08:25.378295,2025-06-19 16:10:30.792074
0,gpt-4.1-mini,True,False,8,9,True,False,255,2025-06-19 16:10:30.799880,2025-06-19 16:11:49.661786
0,o4-mini,False,False,10,0,True,False,1023,2025-06-20 10:17:51.050971,2025-06-20 10:19:07.234650
0,o4-mini,False,True,10,0,True,False,1023,2025-06-20 10:19:07.250411,2025-06-20 10:19:44.642484
0,o4-mini,True,False,10,0,True,False,1023,2025-06-20 10:19:44.649116,2025-06-20 10:20:45.468264
0,o4-mini,False,False,10,1,True,False,1023,2025-06-20 10:20:45.477732,2025-06-20 10:23:06.172239
0,o4-mini,False,True,10,1,True,False,1023,2025-06-20 10:23:06.180838,2025-06-20 10:24:28.709184
0,o4-mini,True,False,10,1,True,False,1023,2025-06-20 10:24:28.719858,2025-06-20 10:26:06.498944
0,o4-mini,False,False,10,2,True,False,1023,2025-06-20 10:26:06.505814,2025-06-20 10:27:21.112575
0,o4-mini,False,True,10,2,True,False,1023,2025-06-20 10:27:21.117292,2025-06-20 10:29:02.678452
0,o4-mini,True,False,10,2,True,False,1023,2025-06-20 10:29:02.687354,2025-06-20 10:30:12.201119
0,o4-mini,False,False,10,3,True,False,1023,2025-06-20 10:30:12.207620,2025-06-20 10:31:42.518471
0,o4-mini,False,True,10,3,True,False,1023,2025-06-20 10:31:42.522237,2025-06-20 10:32:37.081049
0,o4-mini,True,False,10,3,True,False,1023,2025-06-20 10:32:37.088649,2025-06-20 10:38:32.483424
0,o4-mini,False,False,10,4,True,False,1023,2025-06-20 10:38:32.493091,2025-06-20 10:39:02.989724
0,o4-mini,False,True,10,4,True,False,1023,2025-06-20 10:39:02.994968,2025-06-20 10:39:49.938438
0,o4-mini,True,False,10,4,True,False,1023,2025-06-20 10:39:49.947099,2025-06-20 10:40:35.862203
0,o4-mini,False,False,10,5,True,False,1023,2025-06-20 10:40:35.868264,2025-06-20 10:41:50.387277
0,o4-mini,False,True,10,5,True,False,1023,2025-06-20 10:41:50.394100,2025-06-20 10:43:28.809235
0,o4-mini,True,False,10,5,True,False,1023,2025-06-20 10:43:28.818552,2025-06-20 10:44:07.718526
0,o4-mini,False,False,10,6,True,False,1023,2025-06-20 10:44:07.725289,2025-06-20 10:45:57.000771
0,o4-mini,False,True,10,6,True,False,1023,2025-06-20 10:45:57.007692,2025-06-20 10:47:03.722310
0,o4-mini,True,False,10,6,True,False,1023,2025-06-20 10:47:03.729703,2025-06-20 10:49:56.928495
0,o4-mini,False,False,10,7,True,False,1023,2025-06-20 10:49:56.935521,2025-06-20 10:51:55.506369
0,o4-mini,False,True,10,7,True,False,1023,2025-06-20 10:51:55.512285,2025-06-20 10:52:58.364676
0,o4-mini,True,False,10,7,True,False,1023,2025-06-20 10:52:58.373130,2025-06-20 10:53:42.806742
0,o4-mini,False,False,10,8,True,False,1023,2025-06-20 10:53:42.810981,2025-06-20 10:54:28.376571
0,o4-mini,False,True,10,8,True,False,1023,2025-06-20 10:54:28.386559,2025-06-20 10:56:46.031894
0,o4-mini,True,False,10,8,True,False,1023,2025-06-20 10:56:46.039046,2025-06-20 10:57:50.816623
0,o4-mini,False,False,10,9,True,False,1023,2025-06-20 10:57:50.823809,2025-06-20 10:58:57.377454
0,o4-mini,False,True,10,9,True,False,1023,2025-06-20 10:58:57.383561,2025-06-20 10:59:25.031183
0,o4-mini,True,False,10,9,True,False,1023,2025-06-20 10:59:25.037449,2025-06-20 10:59:55.442722
0,gpt-4.1-mini,False,False,10,0,True,False,1023,2025-06-20 10:59:55.449352,2025-06-20 11:00:14.276144
0,gpt-4.1-mini,False,True,10,0,True,False,63,2025-06-20 11:00:14.279163,2025-06-20 11:00:49.614416
0,gpt-4.1-mini,True,False,10,0,True,False,1023,2025-06-20 11:00:49.619358,2025-06-20 11:01:36.920607
0,gpt-4.1-mini,False,False,10,1,True,False,15,2025-06-20 11:01:36.927401,2025-06-20 11:02:19.926565
0,gpt-4.1-mini,False,True,10,1,True,False,1023,2025-06-20 11:02:19.932918,2025-06-20 11:02:48.778166
0,gpt-4.1-mini,True,False,10,1,True,False,1023,2025-06-20 11:02:48.783370,2025-06-20 11:03:04.988275
0,gpt-4.1-mini,False,False,10,2,True,False,1023,2025-06-20 11:03:04.994357,2025-06-20 11:03:26.084944
0,gpt-4.1-mini,False,True,10,2,True,False,1023,2025-06-20 11:03:26.089695,2025-06-20 11:05:59.339946
0,gpt-4.1-mini,True,False,10,2,True,False,1023,2025-06-20 11:05:59.345452,2025-06-20 11:06:14.299215
0,gpt-4.1-mini,False,False,10,3,True,False,1023,2025-06-20 11:06:14.303901,2025-06-20 11:06:26.280013
0,gpt-4.1-mini,False,True,10,3,True,False,1023,2025-06-20 11:06:26.285370,2025-06-20 11:07:24.140448
0,gpt-4.1-mini,True,False,10,3,True,False,1023,2025-06-20 11:07:24.147029,2025-06-20 11:08:39.810372
0,gpt-4.1-mini,False,False,10,4,True,False,1023,2025-06-20 11:08:39.816382,2025-06-20 11:09:51.288989
0,gpt-4.1-mini,False,True,10,4,True,False,1023,2025-06-20 11:09:51.295711,2025-06-20 11:11:27.852258
0,gpt-4.1-mini,True,False,10,4,True,False,15,2025-06-20 11:11:27.857407,2025-06-20 11:12:11.272504
0,gpt-4.1-mini,False,False,10,5,True,False,1023,2025-06-20 11:12:11.280025,2025-06-20 11:12:24.891463
0,gpt-4.1-mini,False,True,10,5,True,False,1023,2025-06-20 11:12:24.897024,2025-06-20 11:12:47.107513
0,gpt-4.1-mini,True,False,10,5,True,False,1023,2025-06-20 11:12:47.113471,2025-06-20 11:13:19.475467
0,gpt-4.1-mini,False,False,10,6,True,False,1023,2025-06-20 11:13:19.481589,2025-06-20 11:13:38.214860
0,gpt-4.1-mini,False,True,10,6,True,False,1023,2025-06-20 11:13:38.220315,2025-06-20 11:13:59.709737
0,gpt-4.1-mini,True,False,10,6,True,False,1023,2025-06-20 11:13:59.715098,2025-06-20 11:14:37.093266
0,gpt-4.1-mini,False,False,10,7,True,False,1023,2025-06-20 11:14:37.096262,2025-06-20 11:14:59.420684
0,gpt-4.1-mini,False,True,10,7,True,False,1023,2025-06-20 11:14:59.425957,2025-06-20 11:17:23.818755
0,gpt-4.1-mini,True,False,10,7,True,False,1023,2025-06-20 11:17:23.824572,2025-06-20 11:18:20.637840
0,gpt-4.1-mini,False,False,10,8,True,False,1023,2025-06-20 11:18:20.643814,2025-06-20 11:19:11.421413
0,gpt-4.1-mini,False,True,10,8,True,False,1023,2025-06-20 11:19:11.427951,2025-06-20 11:21:38.112177
0,gpt-4.1-mini,True,False,10,8,True,False,1023,2025-06-20 11:21:38.116570,2025-06-20 11:23:17.229331
0,gpt-4.1-mini,False,False,10,9,True,False,1023,2025-06-20 11:23:17.240351,2025-06-20 11:24:07.566519
0,gpt-4.1-mini,False,True,10,9,True,False,1023,2025-06-20 11:24:07.574288,2025-06-20 11:24:28.456183
0,gpt-4.1-mini,True,False,10,9,True,False,1023,2025-06-20 11:24:28.462041,2025-06-20 11:24:41.453300
0,o4-mini,False,False,10,10,True,False,1023,2025-06-20 11:26:05.744690,2025-06-20 11:28:52.816247
0,o4-mini,False,True,10,10,True,False,1023,2025-06-20 11:28:52.825637,2025-06-20 11:31:36.307436
0,o4-mini,True,False,10,10,True,False,1023,2025-06-20 11:31:36.313785,2025-06-20 11:32:08.230865
0,o4-mini,False,False,10,11,True,False,1023,2025-06-20 11:32:08.237145,2025-06-20 11:34:55.785863
0,o4-mini,False,True,10,11,True,False,1023,2025-06-20 11:34:55.791345,2025-06-20 11:37:06.649188
0,o4-mini,True,False,10,11,True,False,1023,2025-06-20 11:37:06.654701,2025-06-20 11:39:06.781878
0,o4-mini,False,False,10,12,True,False,1023,2025-06-20 11:39:06.790739,2025-06-20 11:40:10.744339
0,o4-mini,False,True,10,12,True,False,1023,2025-06-20 11:40:10.749795,2025-06-20 11:41:37.451315
0,o4-mini,True,False,10,12,True,False,1023,2025-06-20 13:44:11.712456,2025-06-20 13:45:58.068236
0,o4-mini,False,False,10,13,True,False,1023,2025-06-20 13:45:58.074303,2025-06-20 13:47:20.902967
0,o4-mini,False,True,10,13,True,False,1023,2025-06-20 13:47:20.910065,2025-06-20 13:48:32.585893
0,o4-mini,True,False,10,13,True,False,1023,2025-06-20 13:48:32.590276,2025-06-20 13:49:27.373999
0,o4-mini,False,False,10,14,True,False,1023,2025-06-20 15:43:20.237842,2025-06-20 15:44:06.270857
0,o4-mini,False,True,10,14,True,False,1023,2025-06-20 15:44:06.279885,2025-06-20 15:45:07.266207
0,o4-mini,True,False,10,14,True,False,1023,2025-06-20 15:45:07.273299,2025-06-20 15:47:34.758530
0,gpt-4.1-mini,False,False,10,10,True,False,1023,2025-06-20 15:47:34.774380,2025-06-20 15:47:59.954787
0,gpt-4.1-mini,False,True,10,10,True,False,1023,2025-06-20 15:47:59.962460,2025-06-20 15:48:16.591572
0,gpt-4.1-mini,True,False,10,10,True,False,15,2025-06-20 15:48:16.595127,2025-06-20 15:48:29.622237
0,gpt-4.1-mini,False,False,10,11,True,False,1023,2025-06-20 15:48:29.627808,2025-06-20 15:50:37.886922
0,gpt-4.1-mini,False,True,10,11,True,False,1023,2025-06-20 15:50:37.892384,2025-06-20 15:51:06.384292
0,gpt-4.1-mini,True,False,10,11,True,False,1023,2025-06-20 15:51:06.391738,2025-06-20 15:52:30.260392
0,gpt-4.1-mini,False,False,10,12,True,False,31,2025-06-20 15:52:30.269079,2025-06-20 15:53:06.271333
0,gpt-4.1-mini,False,True,10,12,True,False,1023,2025-06-20 15:53:06.277401,2025-06-20 15:53:20.580902
0,gpt-4.1-mini,True,False,10,12,True,False,15,2025-06-20 15:53:20.586613,2025-06-20 15:53:33.764437
0,gpt-4.1-mini,False,False,10,13,True,False,1023,2025-06-20 15:53:33.770584,2025-06-20 15:53:57.698280
0,gpt-4.1-mini,False,True,10,13,True,False,1023,2025-06-20 15:53:57.704037,2025-06-20 15:54:23.275268
0,gpt-4.1-mini,True,False,10,13,True,False,1023,2025-06-20 15:54:23.280506,2025-06-20 15:54:31.677962
0,gpt-4.1-mini,False,False,10,14,True,False,1023,2025-06-20 15:54:31.683994,2025-06-20 15:56:30.075315
0,gpt-4.1-mini,False,True,10,14,True,False,1023,2025-06-20 15:56:30.081190,2025-06-20 15:58:46.671145
0,gpt-4.1-mini,True,False,10,14,True,False,1023,2025-06-20 15:58:46.682421,2025-06-20 16:00:11.827337
0,o4-mini,False,False,8,10,True,False,255,2025-06-20 16:00:11.842884,2025-06-20 16:01:41.951438
0,o4-mini,False,True,8,10,True,False,255,2025-06-20 16:01:41.958706,2025-06-20 16:02:51.051294
0,o4-mini,True,False,8,10,True,False,255,2025-06-20 16:02:51.059510,2025-06-20 16:04:30.855343
0,o4-mini,False,False,8,11,True,False,255,2025-06-20 16:04:30.860277,2025-06-20 16:05:56.492369
0,o4-mini,False,True,8,11,True,False,255,2025-06-20 16:05:56.498873,2025-06-20 16:07:11.701127
0,o4-mini,True,False,8,11,True,False,255,2025-06-20 16:07:11.705084,2025-06-20 16:08:54.447564
0,o4-mini,False,False,8,12,True,False,255,2025-06-20 16:08:54.456113,2025-06-20 16:10:08.042313
0,o4-mini,False,True,8,12,True,False,255,2025-06-20 16:10:08.047954,2025-06-20 16:11:53.508611
0,o4-mini,True,False,8,12,True,False,255,2025-06-20 16:11:53.515460,2025-06-20 16:14:33.917388
0,o4-mini,False,False,8,13,True,False,255,2025-06-20 16:14:33.926313,2025-06-20 16:15:56.157594
0,o4-mini,False,True,8,13,True,False,255,2025-06-20 16:15:56.163017,2025-06-20 16:19:02.186551
0,o4-mini,True,False,8,13,True,False,255,2025-06-20 16:19:02.192714,2025-06-20 16:20:29.722056
0,o4-mini,False,False,8,14,True,False,255,2025-06-20 16:20:29.725657,2025-06-20 16:21:34.899891
0,o4-mini,False,True,8,14,True,False,255,2025-06-20 16:21:34.904957,2025-06-20 16:23:20.941781
0,o4-mini,True,False,8,14,True,False,255,2025-06-20 16:23:20.947761,2025-06-20 16:24:41.785185
0,gpt-4.1-mini,False,False,8,10,True,False,255,2025-06-20 16:24:41.796331,2025-06-20 16:25:11.530825
0,gpt-4.1-mini,False,True,8,10,True,False,255,2025-06-20 16:25:11.536768,2025-06-20 16:25:52.120559
0,gpt-4.1-mini,True,False,8,10,True,False,255,2025-06-20 16:25:52.127429,2025-06-20 16:26:49.624840
0,gpt-4.1-mini,False,False,8,11,True,False,255,2025-06-20 16:26:49.629737,2025-06-20 16:28:01.850973
0,gpt-4.1-mini,False,True,8,11,True,False,255,2025-06-20 16:28:01.857956,2025-06-20 16:29:38.702742
0,gpt-4.1-mini,True,False,8,11,True,False,255,2025-06-20 16:29:38.708405,2025-06-20 16:30:41.326877
0,gpt-4.1-mini,False,False,8,12,True,False,15,2025-06-20 16:30:41.333041,2025-06-20 16:31:11.685024
0,gpt-4.1-mini,False,True,8,12,True,False,127,2025-06-20 16:31:11.690495,2025-06-20 16:32:18.519164
0,gpt-4.1-mini,True,False,8,12,True,False,255,2025-06-20 16:32:18.525640,2025-06-20 16:33:07.758750
0,gpt-4.1-mini,False,False,8,13,True,False,255,2025-06-20 16:33:07.764811,2025-06-20 16:34:29.416882
0,gpt-4.1-mini,False,True,8,13,True,False,255,2025-06-20 16:34:29.420729,2025-06-20 16:35:20.576947
0,gpt-4.1-mini,True,False,8,13,True,False,255,2025-06-20 16:35:20.584032,2025-06-20 16:36:35.842564
0,gpt-4.1-mini,False,False,8,14,True,False,255,2025-06-20 16:36:35.847199,2025-06-20 16:37:30.548492
0,gpt-4.1-mini,False,True,8,14,True,False,255,2025-06-20 16:37:30.553967,2025-06-20 16:39:17.266339
0,gpt-4.1-mini,True,False,8,14,True,False,255,2025-06-20 16:39:17.272758,2025-06-20 16:41:06.172917
0,o4-mini,False,False,6,10,True,False,63,2025-06-20 16:41:06.188881,2025-06-20 16:42:19.792295
0,o4-mini,False,True,6,10,True,False,63,2025-06-20 16:42:19.798492,2025-06-20 16:46:05.482879
0,o4-mini,True,False,6,10,True,False,63,2025-06-20 16:46:05.489032,2025-06-20 16:48:55.950632
0,o4-mini,False,False,6,11,True,False,63,2025-06-20 16:48:55.957753,2025-06-20 16:50:42.269558
0,o4-mini,False,True,6,11,True,True,63,2025-06-20 16:50:42.274674,2025-06-20 16:51:49.348285
0,o4-mini,True,False,6,11,True,False,63,2025-06-20 16:51:49.352921,2025-06-20 16:54:29.248685
0,o4-mini,False,False,6,12,True,True,63,2025-06-20 16:54:29.255357,2025-06-20 16:57:29.979070
0,o4-mini,False,True,6,12,True,True,63,2025-06-20 16:57:29.984586,2025-06-20 16:58:49.932997
0,o4-mini,True,False,6,12,True,False,63,2025-06-20 16:58:49.937880,2025-06-20 17:02:07.235601
0,o4-mini,False,False,6,13,True,False,63,2025-06-20 17:02:07.241594,2025-06-20 17:04:01.735419
0,o4-mini,False,True,6,13,True,True,63,2025-06-20 17:04:01.741811,2025-06-20 17:05:47.581515
0,o4-mini,True,False,6,13,True,True,63,2025-06-20 17:05:47.587196,2025-06-20 17:08:40.925019
0,o4-mini,False,False,6,14,True,True,63,2025-06-20 17:08:40.932562,2025-06-20 17:11:26.770649
0,o4-mini,False,True,6,14,True,False,63,2025-06-20 17:11:26.777645,2025-06-20 17:12:35.223310
0,o4-mini,True,False,6,14,True,False,63,2025-06-20 17:12:35.230600,2025-06-20 17:18:08.895339
0,gpt-4.1-mini,False,False,6,10,True,False,63,2025-06-20 17:18:08.917051,2025-06-20 17:18:49.094539
0,gpt-4.1-mini,False,True,6,10,True,False,63,2025-06-20 17:18:49.099414,2025-06-20 17:19:29.853577
0,gpt-4.1-mini,True,False,6,10,True,True,63,2025-06-20 17:19:29.860395,2025-06-20 17:20:15.352665
0,gpt-4.1-mini,False,False,6,11,True,False,63,2025-06-20 17:20:15.357511,2025-06-20 17:21:15.269386
0,gpt-4.1-mini,False,True,6,11,True,True,63,2025-06-20 17:21:15.275011,2025-06-20 17:22:08.596927
0,gpt-4.1-mini,True,False,6,11,True,True,63,2025-06-20 17:22:08.603594,2025-06-20 17:22:48.173402
0,gpt-4.1-mini,False,False,6,12,True,False,63,2025-06-20 17:22:48.179490,2025-06-20 17:23:34.750664
0,gpt-4.1-mini,False,True,6,12,True,False,63,2025-06-20 17:23:34.756011,2025-06-20 17:24:16.849411
0,gpt-4.1-mini,True,False,6,12,True,False,63,2025-06-20 17:24:16.854744,2025-06-20 17:24:54.198863
0,gpt-4.1-mini,False,False,6,13,True,False,63,2025-06-20 17:24:54.203974,2025-06-20 17:25:48.033926
0,gpt-4.1-mini,False,True,6,13,True,False,63,2025-06-20 17:25:48.039079,2025-06-20 17:26:26.123449
0,gpt-4.1-mini,True,False,6,13,True,True,63,2025-06-20 17:26:26.129152,2025-06-20 17:27:10.266770
0,gpt-4.1-mini,False,False,6,14,True,False,63,2025-06-20 17:27:10.272685,2025-06-20 17:27:58.208384
0,gpt-4.1-mini,False,True,6,14,True,True,63,2025-06-20 17:27:58.215439,2025-06-20 17:29:06.371239
0,gpt-4.1-mini,True,False,6,14,True,True,63,2025-06-20 17:29:06.377081,2025-06-20 17:29:40.958034
0,o4-mini,False,False,5,0,True,True,31,2025-06-20 17:29:40.963297,2025-06-20 17:30:54.568889
0,o4-mini,False,True,5,0,True,True,31,2025-06-20 17:30:54.574027,2025-06-20 17:31:49.976456
0,o4-mini,True,False,5,0,True,False,31,2025-06-20 17:31:49.981686,2025-06-20 17:32:30.786903
0,o4-mini,False,False,5,1,True,False,31,2025-06-20 17:32:30.793950,2025-06-20 17:33:25.055093
0,o4-mini,False,True,5,1,True,True,31,2025-06-20 17:33:25.061575,2025-06-20 17:34:10.485219
0,o4-mini,True,False,5,1,True,False,31,2025-06-20 17:34:10.490712,2025-06-20 17:35:39.973053
0,o4-mini,False,False,5,2,True,True,31,2025-06-20 17:35:39.978170,2025-06-20 17:36:40.061129
0,o4-mini,False,True,5,2,True,True,31,2025-06-20 17:36:40.066610,2025-06-20 17:37:48.739979
0,o4-mini,True,False,5,2,True,True,31,2025-06-20 17:37:48.746122,2025-06-20 17:39:46.940535
0,o4-mini,False,False,5,3,True,True,31,2025-06-20 17:39:46.946345,2025-06-20 17:40:55.443073
0,o4-mini,False,True,5,3,True,True,31,2025-06-20 17:40:55.448091,2025-06-20 17:42:15.657654
0,o4-mini,True,False,5,3,True,False,31,2025-06-20 17:42:15.665623,2025-06-20 17:43:07.783833
0,o4-mini,False,False,5,4,True,True,31,2025-06-20 17:43:07.789015,2025-06-20 17:43:42.715919
0,o4-mini,False,True,5,4,True,False,31,2025-06-20 17:43:42.722034,2025-06-20 17:44:37.665865
0,o4-mini,True,False,5,4,True,True,31,2025-06-20 17:44:37.671423,2025-06-20 17:45:43.194158
0,o4-mini,False,False,5,5,True,True,31,2025-06-20 17:45:43.199575,2025-06-20 17:46:36.201667
0,o4-mini,False,True,5,5,True,True,31,2025-06-20 17:46:36.212652,2025-06-20 17:47:32.420193
0,o4-mini,True,False,5,5,True,False,31,2025-06-20 17:47:32.426978,2025-06-20 17:49:09.849347
0,o4-mini,False,False,5,6,True,True,31,2025-06-20 17:49:09.855938,2025-06-20 17:50:35.961983
0,o4-mini,False,True,5,6,True,True,31,2025-06-20 17:50:35.967268,2025-06-20 17:51:42.461375
0,o4-mini,True,False,5,6,True,False,31,2025-06-20 17:51:42.468354,2025-06-20 17:52:37.154536
0,o4-mini,False,False,5,7,True,True,31,2025-06-20 17:52:37.162578,2025-06-20 17:53:12.672991
0,o4-mini,False,True,5,7,True,True,31,2025-06-20 17:53:12.678145,2025-06-20 17:53:58.268071
0,o4-mini,True,False,5,7,True,False,31,2025-06-20 17:53:58.273292,2025-06-20 17:54:49.524463
0,o4-mini,False,False,5,8,True,True,31,2025-06-20 17:54:49.529822,2025-06-20 17:55:29.219515
0,o4-mini,False,True,5,8,True,True,31,2025-06-20 17:55:29.224807,2025-06-20 17:56:13.877689
0,o4-mini,True,False,5,8,True,False,31,2025-06-20 17:56:13.883414,2025-06-20 17:57:57.126785
0,o4-mini,False,False,5,9,True,True,31,2025-06-20 17:57:57.138014,2025-06-20 17:58:33.298839
0,o4-mini,False,True,5,9,True,True,31,2025-06-20 17:58:33.304201,2025-06-20 17:59:31.337325
0,o4-mini,True,False,5,9,True,True,31,2025-06-20 17:59:31.342692,2025-06-20 18:01:13.576491
0,o4-mini,False,False,5,10,True,False,31,2025-06-20 18:01:13.582948,2025-06-20 18:02:22.251894
0,o4-mini,False,True,5,10,True,False,31,2025-06-20 18:02:22.258410,2025-06-20 18:03:18.884659
0,o4-mini,True,False,5,10,True,False,31,2025-06-20 18:03:18.887825,2025-06-20 18:04:25.405545
0,o4-mini,False,False,5,11,True,False,31,2025-06-20 18:04:25.410623,2025-06-20 18:05:11.128911
0,o4-mini,False,True,5,11,True,True,31,2025-06-20 18:05:11.134036,2025-06-20 18:05:57.857620
0,o4-mini,True,False,5,11,True,True,31,2025-06-20 18:05:57.862988,2025-06-20 18:06:52.441601
0,o4-mini,False,False,5,12,True,True,31,2025-06-20 18:06:52.446722,2025-06-20 18:07:51.994793
0,o4-mini,False,True,5,12,True,True,31,2025-06-20 18:07:52.002527,2025-06-20 18:08:41.964901
0,o4-mini,True,False,5,12,True,False,31,2025-06-20 18:08:41.969957,2025-06-20 18:10:05.421671
0,o4-mini,False,False,5,13,True,True,31,2025-06-20 18:10:05.426795,2025-06-20 18:12:05.771606
0,o4-mini,False,True,5,13,True,True,31,2025-06-20 18:12:05.777227,2025-06-20 18:12:52.206223
0,o4-mini,True,False,5,13,True,True,31,2025-06-20 18:12:52.212277,2025-06-20 18:13:41.086691
0,o4-mini,False,False,5,14,True,False,31,2025-06-20 18:13:41.091635,2025-06-20 18:14:13.670313
0,o4-mini,False,True,5,14,True,True,31,2025-06-20 18:14:13.675696,2025-06-20 18:15:17.610604
0,o4-mini,True,False,5,14,True,True,31,2025-06-20 18:15:17.615480,2025-06-20 18:16:43.637764
0,gpt-4.1-mini,False,False,5,0,True,True,31,2025-06-20 18:16:43.642628,2025-06-20 18:17:14.796932
0,gpt-4.1-mini,False,True,5,0,True,True,31,2025-06-20 18:17:14.803064,2025-06-20 18:17:52.454277
0,gpt-4.1-mini,True,False,5,0,True,True,31,2025-06-20 18:17:52.460623,2025-06-20 18:18:11.119336
0,gpt-4.1-mini,False,False,5,1,True,True,31,2025-06-20 18:18:11.124455,2025-06-20 18:18:56.384710
0,gpt-4.1-mini,False,True,5,1,True,True,31,2025-06-20 18:18:56.390586,2025-06-20 18:19:36.216668
0,gpt-4.1-mini,True,False,5,1,True,True,31,2025-06-20 18:19:36.222317,2025-06-20 18:19:56.832608
0,gpt-4.1-mini,False,False,5,2,True,True,31,2025-06-20 18:19:56.837908,2025-06-20 18:20:39.406059
0,gpt-4.1-mini,False,True,5,2,True,True,31,2025-06-20 18:20:39.410987,2025-06-20 18:21:11.269075
0,gpt-4.1-mini,True,False,5,2,True,True,31,2025-06-20 18:21:11.273968,2025-06-20 18:21:31.661172
0,gpt-4.1-mini,False,False,5,3,True,True,31,2025-06-20 18:21:31.666292,2025-06-20 18:22:41.434399
0,gpt-4.1-mini,False,True,5,3,True,True,31,2025-06-20 18:22:41.441593,2025-06-20 18:23:54.434738
0,gpt-4.1-mini,True,False,5,3,True,True,31,2025-06-20 18:23:54.439946,2025-06-20 18:24:17.234085
0,gpt-4.1-mini,False,False,5,4,True,True,31,2025-06-20 18:24:17.239131,2025-06-20 18:24:49.434093
0,gpt-4.1-mini,False,True,5,4,True,True,31,2025-06-20 18:24:49.439334,2025-06-20 18:25:23.144778
0,gpt-4.1-mini,True,False,5,4,True,True,31,2025-06-20 18:25:23.149642,2025-06-20 18:25:48.772682
0,gpt-4.1-mini,False,False,5,5,True,True,31,2025-06-20 18:25:48.777759,2025-06-20 18:26:33.310851
0,gpt-4.1-mini,False,True,5,5,True,False,31,2025-06-20 18:26:33.316202,2025-06-20 18:27:58.672552
0,gpt-4.1-mini,True,False,5,5,True,True,31,2025-06-20 18:27:58.681243,2025-06-20 18:28:19.079802
0,gpt-4.1-mini,False,False,5,6,True,True,31,2025-06-20 18:28:19.084798,2025-06-20 18:29:01.290548
0,gpt-4.1-mini,False,True,5,6,True,True,31,2025-06-20 18:29:01.296355,2025-06-20 18:29:38.860440
0,gpt-4.1-mini,True,False,5,6,True,True,31,2025-06-20 18:29:38.867139,2025-06-20 18:29:58.989078
0,gpt-4.1-mini,False,False,5,7,True,True,31,2025-06-20 18:29:58.993974,2025-06-20 18:30:21.231043
0,gpt-4.1-mini,False,True,5,7,True,True,31,2025-06-20 18:30:21.236342,2025-06-20 18:30:52.261471
0,gpt-4.1-mini,True,False,5,7,True,True,31,2025-06-20 18:30:52.266574,2025-06-20 18:31:11.356116
0,gpt-4.1-mini,False,False,5,8,True,True,31,2025-06-20 18:31:11.360869,2025-06-20 18:31:36.234808
0,gpt-4.1-mini,False,True,5,8,True,True,31,2025-06-20 18:31:36.239799,2025-06-20 18:32:09.073812
0,gpt-4.1-mini,True,False,5,8,True,True,31,2025-06-20 18:32:09.080549,2025-06-20 18:32:27.515928
0,gpt-4.1-mini,False,False,5,9,True,False,31,2025-06-20 18:32:27.522192,2025-06-20 18:33:05.477755
0,gpt-4.1-mini,False,True,5,9,True,True,31,2025-06-20 18:33:05.483938,2025-06-20 18:33:29.533783
0,gpt-4.1-mini,True,False,5,9,True,True,31,2025-06-20 18:33:29.539519,2025-06-20 18:33:51.816063
0,gpt-4.1-mini,False,False,5,10,True,True,31,2025-06-20 18:33:51.821616,2025-06-20 18:34:29.659618
0,gpt-4.1-mini,False,True,5,10,True,True,31,2025-06-20 18:34:29.665051,2025-06-20 18:34:54.850281
0,gpt-4.1-mini,True,False,5,10,True,True,31,2025-06-20 18:34:54.856804,2025-06-20 18:35:12.022157
0,gpt-4.1-mini,False,False,5,11,True,True,31,2025-06-20 18:35:12.030569,2025-06-20 18:35:54.474133
0,gpt-4.1-mini,False,True,5,11,True,True,31,2025-06-20 18:35:54.479794,2025-06-20 18:36:40.256390
0,gpt-4.1-mini,True,False,5,11,True,True,31,2025-06-20 18:36:40.261498,2025-06-20 18:37:03.250248
0,gpt-4.1-mini,False,False,5,12,True,True,31,2025-06-20 18:37:03.256093,2025-06-20 18:37:35.771968
0,gpt-4.1-mini,False,True,5,12,True,True,31,2025-06-20 18:37:35.779462,2025-06-20 18:38:04.844
0,gpt-4.1-mini,True,False,5,12,True,True,31,2025-06-20 18:38:04.848922,2025-06-20 18:38:21.736417
0,gpt-4.1-mini,False,False,5,13,True,True,31,2025-06-20 18:38:21.741935,2025-06-20 18:39:15.499945
0,gpt-4.1-mini,False,True,5,13,True,False,31,2025-06-20 18:39:15.504904,2025-06-20 18:39:39.897525
0,gpt-4.1-mini,True,False,5,13,True,True,31,2025-06-20 18:39:39.902806,2025-06-20 18:39:58.776356
0,gpt-4.1-mini,False,False,5,14,True,False,31,2025-06-20 18:39:58.782914,2025-06-20 18:40:41.728968
0,gpt-4.1-mini,False,True,5,14,True,True,31,2025-06-20 18:40:41.736036,2025-06-20 18:41:12.324463
0,gpt-4.1-mini,True,False,5,14,True,True,31,2025-06-20 18:41:12.330401,2025-06-20 18:41:33.747404
0,o4-mini,False,False,4,10,True,True,15,2025-06-20 18:41:33.763444,2025-06-20 18:42:28.609407
0,o4-mini,False,True,4,10,True,True,15,2025-06-20 18:42:28.617259,2025-06-20 18:43:06.641234
0,o4-mini,True,False,4,10,True,True,15,2025-06-20 18:43:06.647367,2025-06-20 18:43:43.592595
0,o4-mini,False,False,4,11,True,True,15,2025-06-20 18:43:43.597521,2025-06-20 18:44:23.086214
0,o4-mini,False,True,4,11,True,True,15,2025-06-20 18:44:23.092335,2025-06-20 18:44:54.611642
0,o4-mini,True,False,4,11,True,True,15,2025-06-20 18:44:54.616538,2025-06-20 18:45:29.424500
0,o4-mini,False,False,4,12,True,True,15,2025-06-20 18:45:29.430489,2025-06-20 18:45:53.423180
0,o4-mini,False,True,4,12,True,True,15,2025-06-20 18:45:53.429755,2025-06-20 18:46:21.626932
0,o4-mini,True,False,4,12,True,True,15,2025-06-20 18:46:21.633106,2025-06-20 18:48:12.900032
0,o4-mini,False,False,4,13,True,False,15,2025-06-20 18:48:12.907253,2025-06-20 18:48:55.857499
0,o4-mini,False,True,4,13,True,True,15,2025-06-20 18:48:55.862655,2025-06-20 18:49:59.015897
0,o4-mini,True,False,4,13,True,True,15,2025-06-20 18:49:59.021173,2025-06-20 18:51:04.711618
0,o4-mini,False,False,4,14,True,True,15,2025-06-20 18:51:04.716715,2025-06-20 18:51:46.689263
0,o4-mini,False,True,4,14,True,True,15,2025-06-20 18:51:46.693595,2025-06-20 18:52:23.706196
0,o4-mini,True,False,4,14,True,True,15,2025-06-20 18:52:23.713181,2025-06-20 18:54:25.548288
0,gpt-4.1-mini,False,False,4,10,True,False,15,2025-06-20 18:54:25.566521,2025-06-20 18:54:45.000824
0,gpt-4.1-mini,False,True,4,10,True,True,15,2025-06-20 18:54:45.006049,2025-06-20 18:55:29.407894
0,gpt-4.1-mini,True,False,4,10,True,True,15,2025-06-20 18:55:29.426125,2025-06-20 18:55:40.933273
0,gpt-4.1-mini,False,False,4,11,True,False,15,2025-06-20 18:55:40.945736,2025-06-20 18:56:02.249461
0,gpt-4.1-mini,False,True,4,11,True,True,15,2025-06-20 18:56:02.271403,2025-06-20 18:56:27.329889
0,gpt-4.1-mini,True,False,4,11,True,True,15,2025-06-20 18:56:27.336048,2025-06-20 18:56:42.100536
0,gpt-4.1-mini,False,False,4,12,True,False,15,2025-06-20 18:56:42.117228,2025-06-20 18:57:01.445302
0,gpt-4.1-mini,False,True,4,12,True,True,15,2025-06-20 18:57:01.452321,2025-06-20 18:57:27.112044
0,gpt-4.1-mini,True,False,4,12,True,True,15,2025-06-20 18:57:27.123149,2025-06-20 18:57:40.531808
0,gpt-4.1-mini,False,False,4,13,True,True,15,2025-06-20 18:57:40.538205,2025-06-20 18:58:02.109900
0,gpt-4.1-mini,False,True,4,13,True,True,15,2025-06-20 18:58:02.131079,2025-06-20 18:58:44.334759
0,gpt-4.1-mini,True,False,4,13,True,True,15,2025-06-20 18:58:44.339679,2025-06-20 18:58:55.424202
0,gpt-4.1-mini,False,False,4,14,True,False,15,2025-06-20 18:58:55.428929,2025-06-20 18:59:13.847585
0,gpt-4.1-mini,False,True,4,14,True,True,15,2025-06-20 18:59:13.863036,2025-06-20 18:59:52.058631
0,gpt-4.1-mini,True,False,4,14,True,True,15,2025-06-20 18:59:52.063630,2025-06-20 19:00:06.415330
0,o4-mini,False,False,3,0,True,True,7,2025-06-20 19:00:06.420110,2025-06-20 19:00:23.029420
0,o4-mini,False,True,3,0,True,True,7,2025-06-20 19:00:23.033204,2025-06-20 19:00:36.564954
0,o4-mini,True,False,3,0,True,True,7,2025-06-20 19:00:36.591142,2025-06-20 19:00:55.688304
0,o4-mini,False,False,3,1,True,True,7,2025-06-20 19:00:55.693133,2025-06-20 19:01:11.143841
0,o4-mini,False,True,3,1,True,True,7,2025-06-20 19:01:11.148562,2025-06-20 19:01:28.584267
0,o4-mini,True,False,3,1,True,True,7,2025-06-20 19:01:28.590170,2025-06-20 19:01:59.666722
0,o4-mini,False,False,3,2,True,True,7,2025-06-20 19:01:59.672591,2025-06-20 19:02:21.710524
0,o4-mini,False,True,3,2,True,True,7,2025-06-20 19:02:21.716441,2025-06-20 19:02:37.774159
0,o4-mini,True,False,3,2,True,True,7,2025-06-20 19:02:37.797113,2025-06-20 19:02:50.378639
0,o4-mini,False,False,3,3,True,True,7,2025-06-20 19:02:50.383598,2025-06-20 19:03:05.565627
0,o4-mini,False,True,3,3,True,True,7,2025-06-20 19:03:05.570497,2025-06-20 19:03:17.697462
0,o4-mini,True,False,3,3,True,True,7,2025-06-20 19:03:17.702257,2025-06-20 19:03:35.650166
0,o4-mini,False,False,3,4,True,True,7,2025-06-20 19:03:35.655357,2025-06-20 19:03:49.086613
0,o4-mini,False,True,3,4,True,True,7,2025-06-20 19:03:49.100600,2025-06-20 19:03:59.127533
0,o4-mini,True,False,3,4,True,True,7,2025-06-20 19:03:59.132405,2025-06-20 19:04:13.707553
0,o4-mini,False,False,3,5,True,True,7,2025-06-20 19:04:13.721354,2025-06-20 19:04:27.611635
0,o4-mini,False,True,3,5,True,True,7,2025-06-20 19:04:27.616997,2025-06-20 19:04:37.085289
0,o4-mini,True,False,3,5,True,True,7,2025-06-20 19:04:37.090204,2025-06-20 19:04:51.881890
0,o4-mini,False,False,3,6,True,True,7,2025-06-20 19:04:51.886620,2025-06-20 19:05:02.552320
0,o4-mini,False,True,3,6,True,True,7,2025-06-20 19:05:02.557408,2025-06-20 19:05:12.475158
0,o4-mini,True,False,3,6,True,True,7,2025-06-20 19:05:12.479995,2025-06-20 19:05:31.609248
0,o4-mini,False,False,3,7,True,True,7,2025-06-20 19:05:31.614223,2025-06-20 19:05:40.737299
0,o4-mini,False,True,3,7,True,True,7,2025-06-20 19:05:40.755391,2025-06-20 19:05:53.468527
0,o4-mini,True,False,3,7,True,True,7,2025-06-20 19:05:53.473816,2025-06-20 19:06:11.869140
0,o4-mini,False,False,3,8,True,True,7,2025-06-20 19:06:11.873989,2025-06-20 19:06:25.605920
0,o4-mini,False,True,3,8,True,True,7,2025-06-20 19:06:25.609901,2025-06-20 19:06:41.210987
0,o4-mini,True,False,3,8,True,True,7,2025-06-20 19:06:41.228516,2025-06-20 19:06:57.921418
0,o4-mini,False,False,3,9,True,True,7,2025-06-20 19:06:57.926259,2025-06-20 19:07:10.020222
0,o4-mini,False,True,3,9,True,True,7,2025-06-20 19:07:10.026242,2025-06-20 19:07:20.788114
0,o4-mini,True,False,3,9,True,True,7,2025-06-20 19:07:20.792656,2025-06-20 19:07:39.866055
0,o4-mini,False,False,3,10,True,True,7,2025-06-20 19:07:39.872961,2025-06-20 19:07:48.733771
0,o4-mini,False,True,3,10,True,True,7,2025-06-20 19:07:48.740183,2025-06-20 19:07:59.581745
0,o4-mini,True,False,3,10,True,True,7,2025-06-20 19:07:59.586591,2025-06-20 19:08:20.899677
0,o4-mini,False,False,3,11,True,True,7,2025-06-20 19:08:20.906172,2025-06-20 19:08:35.115331
0,o4-mini,False,True,3,11,True,True,7,2025-06-20 19:08:35.118842,2025-06-20 19:08:49.994254
0,o4-mini,True,False,3,11,True,True,7,2025-06-20 19:08:50.015443,2025-06-20 19:09:13.864252
0,o4-mini,False,False,3,12,True,True,7,2025-06-20 19:09:13.889510,2025-06-20 19:09:28.397999
0,o4-mini,False,True,3,12,True,True,7,2025-06-20 19:09:28.402943,2025-06-20 19:09:38.375405
0,o4-mini,True,False,3,12,True,True,7,2025-06-20 19:09:38.380286,2025-06-20 19:09:53.837300
0,o4-mini,False,False,3,13,True,True,7,2025-06-20 19:09:53.842560,2025-06-20 19:10:06.325758
0,o4-mini,False,True,3,13,True,True,7,2025-06-20 19:10:06.330830,2025-06-20 19:10:18.526186
0,o4-mini,True,False,3,13,True,True,7,2025-06-20 19:10:18.545768,2025-06-20 19:10:36.960265
0,o4-mini,False,False,3,14,True,True,7,2025-06-20 19:10:36.965343,2025-06-20 19:10:46.273500
0,o4-mini,False,True,3,14,True,True,7,2025-06-20 19:10:46.278830,2025-06-20 19:11:02.476986
0,o4-mini,True,False,3,14,True,True,7,2025-06-20 19:11:02.481774,2025-06-20 19:11:22.723394
0,gpt-4.1-mini,False,False,3,0,True,True,7,2025-06-20 19:11:22.728560,2025-06-20 19:11:34.553187
0,gpt-4.1-mini,False,True,3,0,True,True,7,2025-06-20 19:11:34.556954,2025-06-20 19:11:51.339155
0,gpt-4.1-mini,True,False,3,0,True,True,7,2025-06-20 19:11:51.344648,2025-06-20 19:11:59.792182
0,gpt-4.1-mini,False,False,3,1,True,True,7,2025-06-20 19:11:59.796811,2025-06-20 19:12:08.978985
0,gpt-4.1-mini,False,True,3,1,True,True,7,2025-06-20 19:12:09.011774,2025-06-20 19:12:26.359673
0,gpt-4.1-mini,True,False,3,1,True,True,7,2025-06-20 19:12:26.365603,2025-06-20 19:12:33.783501
0,gpt-4.1-mini,False,False,3,2,True,True,7,2025-06-20 19:12:33.788458,2025-06-20 19:12:44.905106
0,gpt-4.1-mini,False,True,3,2,True,True,7,2025-06-20 19:12:44.911892,2025-06-20 19:12:55.452112
0,gpt-4.1-mini,True,False,3,2,True,True,7,2025-06-20 19:12:55.457657,2025-06-20 19:13:02.411162
0,gpt-4.1-mini,False,False,3,3,True,True,7,2025-06-20 19:13:02.416126,2025-06-20 19:13:13.339317
0,gpt-4.1-mini,False,True,3,3,True,True,7,2025-06-20 19:13:13.352357,2025-06-20 19:13:28.842886
0,gpt-4.1-mini,True,False,3,3,True,True,7,2025-06-20 19:13:28.847917,2025-06-20 19:13:36.072277
0,gpt-4.1-mini,False,False,3,4,True,True,7,2025-06-20 19:13:36.077476,2025-06-20 19:13:44.202135
0,gpt-4.1-mini,False,True,3,4,True,True,7,2025-06-20 19:13:44.228814,2025-06-20 19:13:57.034290
0,gpt-4.1-mini,True,False,3,4,True,True,7,2025-06-20 19:13:57.040058,2025-06-20 19:14:06.750893
0,gpt-4.1-mini,False,False,3,5,True,True,7,2025-06-20 19:14:06.756390,2025-06-20 19:14:17.292615
0,gpt-4.1-mini,False,True,3,5,True,True,7,2025-06-20 19:14:17.298038,2025-06-20 19:14:29.737715
0,gpt-4.1-mini,True,False,3,5,True,True,7,2025-06-20 19:14:29.743349,2025-06-20 19:14:39.021602
0,gpt-4.1-mini,False,False,3,6,True,True,7,2025-06-20 19:14:39.026986,2025-06-20 19:14:48.965290
0,gpt-4.1-mini,False,True,3,6,True,True,7,2025-06-20 19:14:48.991276,2025-06-20 19:15:00.994245
0,gpt-4.1-mini,True,False,3,6,True,True,7,2025-06-20 19:15:01.004963,2025-06-20 19:15:09.409235
0,gpt-4.1-mini,False,False,3,7,True,True,7,2025-06-20 19:15:09.414500,2025-06-20 19:15:21.281605
0,gpt-4.1-mini,False,True,3,7,True,True,7,2025-06-20 19:15:21.286005,2025-06-20 19:15:46.452746
0,gpt-4.1-mini,True,False,3,7,True,True,7,2025-06-20 19:15:46.467676,2025-06-20 19:15:54.536553
0,gpt-4.1-mini,False,False,3,8,True,True,7,2025-06-20 19:15:54.552744,2025-06-20 19:16:09.026490
0,gpt-4.1-mini,False,True,3,8,True,True,7,2025-06-20 19:16:09.031195,2025-06-20 19:16:29.473030
0,gpt-4.1-mini,True,False,3,8,True,True,7,2025-06-20 19:16:29.484689,2025-06-20 19:16:36.620484
0,gpt-4.1-mini,False,False,3,9,True,True,7,2025-06-20 19:16:36.626635,2025-06-20 19:16:47.489261
0,gpt-4.1-mini,False,True,3,9,True,True,7,2025-06-20 19:16:47.515101,2025-06-20 19:17:12.899214
0,gpt-4.1-mini,True,False,3,9,True,True,7,2025-06-20 19:17:12.905176,2025-06-20 19:17:20.176277
0,gpt-4.1-mini,False,False,3,10,True,True,7,2025-06-20 19:17:20.181494,2025-06-20 19:17:31.840925
0,gpt-4.1-mini,False,True,3,10,True,True,7,2025-06-20 19:17:31.845640,2025-06-20 19:18:00.360246
0,gpt-4.1-mini,True,False,3,10,True,True,7,2025-06-20 19:18:00.382220,2025-06-20 19:18:08.067866
0,gpt-4.1-mini,False,False,3,11,True,True,7,2025-06-20 19:18:08.073052,2025-06-20 19:18:22.676545
0,gpt-4.1-mini,False,True,3,11,True,True,7,2025-06-20 19:18:22.694920,2025-06-20 19:18:39.181228
0,gpt-4.1-mini,True,False,3,11,True,True,7,2025-06-20 19:18:39.186659,2025-06-20 19:18:47.382767
0,gpt-4.1-mini,False,False,3,12,True,True,7,2025-06-20 19:18:47.387573,2025-06-20 19:19:02.841003
0,gpt-4.1-mini,False,True,3,12,True,True,7,2025-06-20 19:19:02.846325,2025-06-20 19:19:12.375527
0,gpt-4.1-mini,True,False,3,12,True,True,7,2025-06-20 19:19:12.380790,2025-06-20 19:19:26.627828
0,gpt-4.1-mini,False,False,3,13,True,True,7,2025-06-20 19:19:26.633145,2025-06-20 19:19:39.830817
0,gpt-4.1-mini,False,True,3,13,True,True,7,2025-06-20 19:19:39.835486,2025-06-20 19:19:50.349255
0,gpt-4.1-mini,True,False,3,13,True,True,7,2025-06-20 19:19:50.355006,2025-06-20 19:20:05.467072
0,gpt-4.1-mini,False,False,3,14,True,True,7,2025-06-20 19:20:05.471455,2025-06-20 19:20:17.900675
0,gpt-4.1-mini,False,True,3,14,True,True,7,2025-06-20 19:20:17.905668,2025-06-20 19:20:39.619956
0,gpt-4.1-mini,True,False,3,14,True,True,7,2025-06-20 19:20:39.625006,2025-06-20 19:20:48.060961
0,o4-mini,False,False,2,10,True,True,3,2025-06-20 19:20:48.076705,2025-06-20 19:20:57.860802
0,o4-mini,False,True,2,10,True,True,3,2025-06-20 19:20:57.880633,2025-06-20 19:21:06.461271
0,o4-mini,True,False,2,10,True,True,3,2025-06-20 19:21:06.466307,2025-06-20 19:21:23.380016
0,o4-mini,False,False,2,11,True,True,3,2025-06-20 19:21:23.398097,2025-06-20 19:21:31.629036
0,o4-mini,False,True,2,11,True,True,3,2025-06-20 19:21:31.634165,2025-06-20 19:21:39.651290
0,o4-mini,True,False,2,11,True,True,3,2025-06-20 19:21:39.656170,2025-06-20 19:21:53.927888
0,o4-mini,False,False,2,12,True,True,3,2025-06-20 19:21:53.932735,2025-06-20 19:22:01.919055
0,o4-mini,False,True,2,12,True,True,3,2025-06-20 19:22:01.923827,2025-06-20 19:22:12.215639
0,o4-mini,True,False,2,12,True,True,3,2025-06-20 19:22:12.220684,2025-06-20 19:22:24.839110
0,o4-mini,False,False,2,13,True,True,3,2025-06-20 19:22:24.858335,2025-06-20 19:22:34.918348
0,o4-mini,False,True,2,13,True,True,3,2025-06-20 19:22:34.924109,2025-06-20 19:22:47.590245
0,o4-mini,True,False,2,13,True,True,3,2025-06-20 19:22:47.595411,2025-06-20 19:23:02.422625
0,o4-mini,False,False,2,14,True,True,3,2025-06-20 19:23:02.427556,2025-06-20 19:23:12.464426
0,o4-mini,False,True,2,14,True,True,3,2025-06-20 19:23:12.469511,2025-06-20 19:23:21.956830
0,o4-mini,True,False,2,14,True,True,3,2025-06-20 19:23:21.961766,2025-06-20 19:23:36.032645
0,gpt-4.1-mini,False,False,2,10,True,True,3,2025-06-20 19:23:36.068569,2025-06-20 19:23:41.837434
0,gpt-4.1-mini,False,True,2,10,True,True,3,2025-06-20 19:23:41.840865,2025-06-20 19:23:50.002105
0,gpt-4.1-mini,True,False,2,10,True,True,3,2025-06-20 19:23:50.007851,2025-06-20 19:23:54.856373
0,gpt-4.1-mini,False,False,2,11,True,True,3,2025-06-20 19:23:54.858910,2025-06-20 19:24:05.511266
0,gpt-4.1-mini,False,True,2,11,True,True,3,2025-06-20 19:24:05.516403,2025-06-20 19:24:16.704618
0,gpt-4.1-mini,True,False,2,11,True,True,3,2025-06-20 19:24:16.709759,2025-06-20 19:24:21.279803
0,gpt-4.1-mini,False,False,2,12,True,True,6,2025-06-20 19:24:21.284554,2025-06-20 19:24:37.353501
0,gpt-4.1-mini,False,True,2,12,True,True,3,2025-06-20 19:24:37.358324,2025-06-20 19:24:45.032781
0,gpt-4.1-mini,True,False,2,12,True,True,3,2025-06-20 19:24:45.037824,2025-06-20 19:24:49.778425
0,gpt-4.1-mini,False,False,2,13,True,True,3,2025-06-20 19:24:49.782911,2025-06-20 19:25:04.819762
0,gpt-4.1-mini,False,True,2,13,True,True,3,2025-06-20 19:25:04.822517,2025-06-20 19:25:12.508836
0,gpt-4.1-mini,True,False,2,13,True,True,3,2025-06-20 19:25:12.513948,2025-06-20 19:25:17.334001
0,gpt-4.1-mini,False,False,2,14,True,True,3,2025-06-20 19:25:17.339464,2025-06-20 19:25:24.314547
0,gpt-4.1-mini,False,True,2,14,True,True,3,2025-06-20 19:25:24.330336,2025-06-20 19:25:35.441677
0,gpt-4.1-mini,True,False,2,14,True,True,3,2025-06-20 19:25:35.446828,2025-06-20 19:25:48.386429
